id,revenue
5376,1000000
5377,1000000
5378,1000000
5379,1000000
5380,1000000
5381,1000000
5382,1000000
5383,1000000
5384,1000000
5385,1000000
5386,1000000
5387,1000000
5388,1000000
5389,1000000
5390,1000000
5391,1000000
5392,1000000
5393,1000000
5394,1000000
5395,1000000
5396,1000000
5397,1000000
5398,1000000
5399,1000000
5400,1000000
5401,1000000
5402,1000000
5403,1000000
5404,1000000
5405,1000000
5406,1000000
5407,1000000
5408,1000000
5409,1000000
5410,1000000
5411,1000000
5412,1000000
5413,1000000
5414,1000000
5415,1000000
5416,1000000
5417,1000000
5418,1000000
5419,1000000
5420,1000000
5421,1000000
5422,1000000
5423,1000000
5424,1000000
5425,1000000
5426,1000000
5427,1000000
5428,1000000
5429,1000000
5430,1000000
5431,1000000
5432,1000000
5433,1000000
5434,1000000
5435,1000000
5436,1000000
5437,1000000
5438,1000000
5439,1000000
5440,1000000
5441,1000000
5442,1000000
5443,1000000
5444,1000000
5445,1000000
5446,1000000
5447,1000000
5448,1000000
5449,1000000
5450,1000000
5451,1000000
5452,1000000
5453,1000000
5454,1000000
5455,1000000
5456,1000000
5457,1000000
5458,1000000
5459,1000000
5460,1000000
5461,1000000
5462,1000000
5463,1000000
5464,1000000
5465,1000000
5466,1000000
5467,1000000
5468,1000000
5469,1000000
5470,1000000
5471,1000000
5472,1000000
5473,1000000
5474,1000000
5475,1000000
5476,1000000
5477,1000000
5478,1000000
5479,1000000
5480,1000000
5481,1000000
5482,1000000
5483,1000000
5484,1000000
5485,1000000
5486,1000000
5487,1000000
5488,1000000
5489,1000000
5490,1000000
5491,1000000
5492,1000000
5493,1000000
5494,1000000
5495,1000000
5496,1000000
5497,1000000
5498,1000000
5499,1000000
5500,1000000
5501,1000000
5502,1000000
5503,1000000
5504,1000000
5505,1000000
5506,1000000
5507,1000000
5508,1000000
5509,1000000
5510,1000000
5511,1000000
5512,1000000
5513,1000000
5514,1000000
5515,1000000
5516,1000000
5517,1000000
5518,1000000
5519,1000000
5520,1000000
5521,1000000
5522,1000000
5523,1000000
5524,1000000
5525,1000000
5526,1000000
5527,1000000
5528,1000000
5529,1000000
5530,1000000
5531,1000000
5532,1000000
5533,1000000
5534,1000000
5535,1000000
5536,1000000
5537,1000000
5538,1000000
5539,1000000
5540,1000000
5541,1000000
5542,1000000
5543,1000000
5544,1000000
5545,1000000
5546,1000000
5547,1000000
5548,1000000
5549,1000000
5550,1000000
5551,1000000
5552,1000000
5553,1000000
5554,1000000
5555,1000000
5556,1000000
5557,1000000
5558,1000000
5559,1000000
5560,1000000
5561,1000000
5562,1000000
5563,1000000
5564,1000000
5565,1000000
5566,1000000
5567,1000000
5568,1000000
5569,1000000
5570,1000000
5571,1000000
5572,1000000
5573,1000000
5574,1000000
5575,1000000
5576,1000000
5577,1000000
5578,1000000
5579,1000000
5580,1000000
5581,1000000
5582,1000000
5583,1000000
5584,1000000
5585,1000000
5586,1000000
5587,1000000
5588,1000000
5589,1000000
5590,1000000
5591,1000000
5592,1000000
5593,1000000
5594,1000000
5595,1000000
5596,1000000
5597,1000000
5598,1000000
5599,1000000
5600,1000000
5601,1000000
5602,1000000
5603,1000000
5604,1000000
5605,1000000
5606,1000000
5607,1000000
5608,1000000
5609,1000000
5610,1000000
5611,1000000
5612,1000000
5613,1000000
5614,1000000
5615,1000000
5616,1000000
5617,1000000
5618,1000000
5619,1000000
5620,1000000
5621,1000000
5622,1000000
5623,1000000
5624,1000000
5625,1000000
5626,1000000
5627,1000000
5628,1000000
5629,1000000
5630,1000000
5631,1000000
5632,1000000
5633,1000000
5634,1000000
5635,1000000
5636,1000000
5637,1000000
5638,1000000
5639,1000000
5640,1000000
5641,1000000
5642,1000000
5643,1000000
5644,1000000
5645,1000000
5646,1000000
5647,1000000
5648,1000000
5649,1000000
5650,1000000
5651,1000000
5652,1000000
5653,1000000
5654,1000000
5655,1000000
5656,1000000
5657,1000000
5658,1000000
5659,1000000
5660,1000000
5661,1000000
5662,1000000
5663,1000000
5664,1000000
5665,1000000
5666,1000000
5667,1000000
5668,1000000
5669,1000000
5670,1000000
5671,1000000
5672,1000000
5673,1000000
5674,1000000
5675,1000000
5676,1000000
5677,1000000
5678,1000000
5679,1000000
5680,1000000
5681,1000000
5682,1000000
5683,1000000
5684,1000000
5685,1000000
5686,1000000
5687,1000000
5688,1000000
5689,1000000
5690,1000000
5691,1000000
5692,1000000
5693,1000000
5694,1000000
5695,1000000
5696,1000000
5697,1000000
5698,1000000
5699,1000000
5700,1000000
5701,1000000
5702,1000000
5703,1000000
5704,1000000
5705,1000000
5706,1000000
5707,1000000
5708,1000000
5709,1000000
5710,1000000
5711,1000000
5712,1000000
5713,1000000
5714,1000000
5715,1000000
5716,1000000
5717,1000000
5718,1000000
5719,1000000
5720,1000000
5721,1000000
5722,1000000
5723,1000000
5724,1000000
5725,1000000
5726,1000000
5727,1000000
5728,1000000
5729,1000000
5730,1000000
5731,1000000
5732,1000000
5733,1000000
5734,1000000
5735,1000000
5736,1000000
5737,1000000
5738,1000000
5739,1000000
5740,1000000
5741,1000000
5742,1000000
5743,1000000
5744,1000000
5745,1000000
5746,1000000
5747,1000000
5748,1000000
5749,1000000
5750,1000000
5751,1000000
5752,1000000
5753,1000000
5754,1000000
5755,1000000
5756,1000000
5757,1000000
5758,1000000
5759,1000000
5760,1000000
5761,1000000
5762,1000000
5763,1000000
5764,1000000
5765,1000000
5766,1000000
5767,1000000
5768,1000000
5769,1000000
5770,1000000
5771,1000000
5772,1000000
5773,1000000
5774,1000000
5775,1000000
5776,1000000
5777,1000000
5778,1000000
5779,1000000
5780,1000000
5781,1000000
5782,1000000
5783,1000000
5784,1000000
5785,1000000
5786,1000000
5787,1000000
5788,1000000
5789,1000000
5790,1000000
5791,1000000
5792,1000000
5793,1000000
5794,1000000
5795,1000000
5796,1000000
5797,1000000
5798,1000000
5799,1000000
5800,1000000
5801,1000000
5802,1000000
5803,1000000
5804,1000000
5805,1000000
5806,1000000
5807,1000000
5808,1000000
5809,1000000
5810,1000000
5811,1000000
5812,1000000
5813,1000000
5814,1000000
5815,1000000
5816,1000000
5817,1000000
5818,1000000
5819,1000000
5820,1000000
5821,1000000
5822,1000000
5823,1000000
5824,1000000
5825,1000000
5826,1000000
5827,1000000
5828,1000000
5829,1000000
5830,1000000
5831,1000000
5832,1000000
5833,1000000
5834,1000000
5835,1000000
5836,1000000
5837,1000000
5838,1000000
5839,1000000
5840,1000000
5841,1000000
5842,1000000
5843,1000000
5844,1000000
5845,1000000
5846,1000000
5847,1000000
5848,1000000
5849,1000000
5850,1000000
5851,1000000
5852,1000000
5853,1000000
5854,1000000
5855,1000000
5856,1000000
5857,1000000
5858,1000000
5859,1000000
5860,1000000
5861,1000000
5862,1000000
5863,1000000
5864,1000000
5865,1000000
5866,1000000
5867,1000000
5868,1000000
5869,1000000
5870,1000000
5871,1000000
5872,1000000
5873,1000000
5874,1000000
5875,1000000
5876,1000000
5877,1000000
5878,1000000
5879,1000000
5880,1000000
5881,1000000
5882,1000000
5883,1000000
5884,1000000
5885,1000000
5886,1000000
5887,1000000
5888,1000000
5889,1000000
5890,1000000
5891,1000000
5892,1000000
5893,1000000
5894,1000000
5895,1000000
5896,1000000
5897,1000000
5898,1000000
5899,1000000
5900,1000000
5901,1000000
5902,1000000
5903,1000000
5904,1000000
5905,1000000
5906,1000000
5907,1000000
5908,1000000
5909,1000000
5910,1000000
5911,1000000
5912,1000000
5913,1000000
5914,1000000
5915,1000000
5916,1000000
5917,1000000
5918,1000000
5919,1000000
5920,1000000
5921,1000000
5922,1000000
5923,1000000
5924,1000000
5925,1000000
5926,1000000
5927,1000000
5928,1000000
5929,1000000
5930,1000000
5931,1000000
5932,1000000
5933,1000000
5934,1000000
5935,1000000
5936,1000000
5937,1000000
5938,1000000
5939,1000000
5940,1000000
5941,1000000
5942,1000000
5943,1000000
5944,1000000
5945,1000000
5946,1000000
5947,1000000
5948,1000000
5949,1000000
5950,1000000
5951,1000000
5952,1000000
5953,1000000
5954,1000000
5955,1000000
5956,1000000
5957,1000000
5958,1000000
5959,1000000
5960,1000000
5961,1000000
5962,1000000
5963,1000000
5964,1000000
5965,1000000
5966,1000000
5967,1000000
5968,1000000
5969,1000000
5970,1000000
5971,1000000
5972,1000000
5973,1000000
5974,1000000
5975,1000000
5976,1000000
5977,1000000
5978,1000000
5979,1000000
5980,1000000
5981,1000000
5982,1000000
5983,1000000
5984,1000000
5985,1000000
5986,1000000
5987,1000000
5988,1000000
5989,1000000
5990,1000000
5991,1000000
5992,1000000
5993,1000000
5994,1000000
5995,1000000
5996,1000000
5997,1000000
5998,1000000
5999,1000000
6000,1000000
6001,1000000
6002,1000000
6003,1000000
6004,1000000
6005,1000000
6006,1000000
6007,1000000
6008,1000000
6009,1000000
6010,1000000
6011,1000000
6012,1000000
6013,1000000
6014,1000000
6015,1000000
6016,1000000
6017,1000000
6018,1000000
6019,1000000
6020,1000000
6021,1000000
6022,1000000
6023,1000000
6024,1000000
6025,1000000
6026,1000000
6027,1000000
6028,1000000
6029,1000000
6030,1000000
6031,1000000
6032,1000000
6033,1000000
6034,1000000
6035,1000000
6036,1000000
6037,1000000
6038,1000000
6039,1000000
6040,1000000
6041,1000000
6042,1000000
6043,1000000
6044,1000000
6045,1000000
6046,1000000
6047,1000000
6048,1000000
6049,1000000
6050,1000000
6051,1000000
6052,1000000
6053,1000000
6054,1000000
6055,1000000
6056,1000000
6057,1000000
6058,1000000
6059,1000000
6060,1000000
6061,1000000
6062,1000000
6063,1000000
6064,1000000
6065,1000000
6066,1000000
6067,1000000
6068,1000000
6069,1000000
6070,1000000
6071,1000000
6072,1000000
6073,1000000
6074,1000000
6075,1000000
6076,1000000
6077,1000000
6078,1000000
6079,1000000
6080,1000000
6081,1000000
6082,1000000
6083,1000000
6084,1000000
6085,1000000
6086,1000000
6087,1000000
6088,1000000
6089,1000000
6090,1000000
6091,1000000
6092,1000000
6093,1000000
6094,1000000
6095,1000000
6096,1000000
6097,1000000
6098,1000000
6099,1000000
6100,1000000
6101,1000000
6102,1000000
6103,1000000
6104,1000000
6105,1000000
6106,1000000
6107,1000000
6108,1000000
6109,1000000
6110,1000000
6111,1000000
6112,1000000
6113,1000000
6114,1000000
6115,1000000
6116,1000000
6117,1000000
6118,1000000
6119,1000000
6120,1000000
6121,1000000
6122,1000000
6123,1000000
6124,1000000
6125,1000000
6126,1000000
6127,1000000
6128,1000000
6129,1000000
6130,1000000
6131,1000000
6132,1000000
6133,1000000
6134,1000000
6135,1000000
6136,1000000
6137,1000000
6138,1000000
6139,1000000
6140,1000000
6141,1000000
6142,1000000
6143,1000000
6144,1000000
6145,1000000
6146,1000000
6147,1000000
6148,1000000
6149,1000000
6150,1000000
6151,1000000
6152,1000000
6153,1000000
6154,1000000
6155,1000000
6156,1000000
6157,1000000
6158,1000000
6159,1000000
6160,1000000
6161,1000000
6162,1000000
6163,1000000
6164,1000000
6165,1000000
6166,1000000
6167,1000000
6168,1000000
6169,1000000
6170,1000000
6171,1000000
6172,1000000
6173,1000000
6174,1000000
6175,1000000
6176,1000000
6177,1000000
6178,1000000
6179,1000000
6180,1000000
6181,1000000
6182,1000000
6183,1000000
6184,1000000
6185,1000000
6186,1000000
6187,1000000
6188,1000000
6189,1000000
6190,1000000
6191,1000000
6192,1000000
6193,1000000
6194,1000000
6195,1000000
6196,1000000
6197,1000000
6198,1000000
6199,1000000
6200,1000000
6201,1000000
6202,1000000
6203,1000000
6204,1000000
6205,1000000
6206,1000000
6207,1000000
6208,1000000
6209,1000000
6210,1000000
6211,1000000
6212,1000000
6213,1000000
6214,1000000
6215,1000000
6216,1000000
6217,1000000
6218,1000000
6219,1000000
6220,1000000
6221,1000000
6222,1000000
6223,1000000
6224,1000000
6225,1000000
6226,1000000
6227,1000000
6228,1000000
6229,1000000
6230,1000000
6231,1000000
6232,1000000
6233,1000000
6234,1000000
6235,1000000
6236,1000000
6237,1000000
6238,1000000
6239,1000000
6240,1000000
6241,1000000
6242,1000000
6243,1000000
6244,1000000
6245,1000000
6246,1000000
6247,1000000
6248,1000000
6249,1000000
6250,1000000
6251,1000000
6252,1000000
6253,1000000
6254,1000000
6255,1000000
6256,1000000
6257,1000000
6258,1000000
6259,1000000
6260,1000000
6261,1000000
6262,1000000
6263,1000000
6264,1000000
6265,1000000
6266,1000000
6267,1000000
6268,1000000
6269,1000000
6270,1000000
6271,1000000
6272,1000000
6273,1000000
6274,1000000
6275,1000000
6276,1000000
6277,1000000
6278,1000000
6279,1000000
6280,1000000
6281,1000000
6282,1000000
6283,1000000
6284,1000000
6285,1000000
6286,1000000
6287,1000000
6288,1000000
6289,1000000
6290,1000000
6291,1000000
6292,1000000
6293,1000000
6294,1000000
6295,1000000
6296,1000000
6297,1000000
6298,1000000
6299,1000000
6300,1000000
6301,1000000
6302,1000000
6303,1000000
6304,1000000
6305,1000000
6306,1000000
6307,1000000
6308,1000000
6309,1000000
6310,1000000
6311,1000000
6312,1000000
6313,1000000
6314,1000000
6315,1000000
6316,1000000
6317,1000000
6318,1000000
6319,1000000
6320,1000000
6321,1000000
6322,1000000
6323,1000000
6324,1000000
6325,1000000
6326,1000000
6327,1000000
6328,1000000
6329,1000000
6330,1000000
6331,1000000
6332,1000000
6333,1000000
6334,1000000
6335,1000000
6336,1000000
6337,1000000
6338,1000000
6339,1000000
6340,1000000
6341,1000000
6342,1000000
6343,1000000
6344,1000000
6345,1000000
6346,1000000
6347,1000000
6348,1000000
6349,1000000
6350,1000000
6351,1000000
6352,1000000
6353,1000000
6354,1000000
6355,1000000
6356,1000000
6357,1000000
6358,1000000
6359,1000000
6360,1000000
6361,1000000
6362,1000000
6363,1000000
6364,1000000
6365,1000000
6366,1000000
6367,1000000
6368,1000000
6369,1000000
6370,1000000
6371,1000000
6372,1000000
6373,1000000
6374,1000000
6375,1000000
6376,1000000
6377,1000000
6378,1000000
6379,1000000
6380,1000000
6381,1000000
6382,1000000
6383,1000000
6384,1000000
6385,1000000
6386,1000000
6387,1000000
6388,1000000
6389,1000000
6390,1000000
6391,1000000
6392,1000000
6393,1000000
6394,1000000
6395,1000000
6396,1000000
6397,1000000
6398,1000000
6399,1000000
6400,1000000
6401,1000000
6402,1000000
6403,1000000
6404,1000000
6405,1000000
6406,1000000
6407,1000000
6408,1000000
6409,1000000
6410,1000000
6411,1000000
6412,1000000
6413,1000000
6414,1000000
6415,1000000
6416,1000000
6417,1000000
6418,1000000
6419,1000000
6420,1000000
6421,1000000
6422,1000000
6423,1000000
6424,1000000
6425,1000000
6426,1000000
6427,1000000
6428,1000000
6429,1000000
6430,1000000
6431,1000000
6432,1000000
6433,1000000
6434,1000000
6435,1000000
6436,1000000
6437,1000000
6438,1000000
6439,1000000
6440,1000000
6441,1000000
6442,1000000
6443,1000000
6444,1000000
6445,1000000
6446,1000000
6447,1000000
6448,1000000
6449,1000000
6450,1000000
6451,1000000
6452,1000000
6453,1000000
6454,1000000
6455,1000000
6456,1000000
6457,1000000
6458,1000000
6459,1000000
6460,1000000
6461,1000000
6462,1000000
6463,1000000
6464,1000000
6465,1000000
6466,1000000
6467,1000000
6468,1000000
6469,1000000
6470,1000000
6471,1000000
6472,1000000
6473,1000000
6474,1000000
6475,1000000
6476,1000000
6477,1000000
6478,1000000
6479,1000000
6480,1000000
6481,1000000
6482,1000000
6483,1000000
6484,1000000
6485,1000000
6486,1000000
6487,1000000
6488,1000000
6489,1000000
6490,1000000
6491,1000000
6492,1000000
6493,1000000
6494,1000000
6495,1000000
6496,1000000
6497,1000000
6498,1000000
6499,1000000
6500,1000000
6501,1000000
6502,1000000
6503,1000000
6504,1000000
6505,1000000
6506,1000000
6507,1000000
6508,1000000
6509,1000000
6510,1000000
6511,1000000
6512,1000000
6513,1000000
6514,1000000
6515,1000000
6516,1000000
6517,1000000
6518,1000000
6519,1000000
6520,1000000
6521,1000000
6522,1000000
6523,1000000
6524,1000000
6525,1000000
6526,1000000
6527,1000000
6528,1000000
6529,1000000
6530,1000000
6531,1000000
6532,1000000
6533,1000000
6534,1000000
6535,1000000
6536,1000000
6537,1000000
6538,1000000
6539,1000000
6540,1000000
6541,1000000
6542,1000000
6543,1000000
6544,1000000
6545,1000000
6546,1000000
6547,1000000
6548,1000000
6549,1000000
6550,1000000
6551,1000000
6552,1000000
6553,1000000
6554,1000000
6555,1000000
6556,1000000
6557,1000000
6558,1000000
6559,1000000
6560,1000000
6561,1000000
6562,1000000
6563,1000000
6564,1000000
6565,1000000
6566,1000000
6567,1000000
6568,1000000
6569,1000000
6570,1000000
6571,1000000
6572,1000000
6573,1000000
6574,1000000
6575,1000000
6576,1000000
6577,1000000
6578,1000000
6579,1000000
6580,1000000
6581,1000000
6582,1000000
6583,1000000
6584,1000000
6585,1000000
6586,1000000
6587,1000000
6588,1000000
6589,1000000
6590,1000000
6591,1000000
6592,1000000
6593,1000000
6594,1000000
6595,1000000
6596,1000000
6597,1000000
6598,1000000
6599,1000000
6600,1000000
6601,1000000
6602,1000000
6603,1000000
6604,1000000
6605,1000000
6606,1000000
6607,1000000
6608,1000000
6609,1000000
6610,1000000
6611,1000000
6612,1000000
6613,1000000
6614,1000000
6615,1000000
6616,1000000
6617,1000000
6618,1000000
6619,1000000
6620,1000000
6621,1000000
6622,1000000
6623,1000000
6624,1000000
6625,1000000
6626,1000000
6627,1000000
6628,1000000
6629,1000000
6630,1000000
6631,1000000
6632,1000000
6633,1000000
6634,1000000
6635,1000000
6636,1000000
6637,1000000
6638,1000000
6639,1000000
6640,1000000
6641,1000000
6642,1000000
6643,1000000
6644,1000000
6645,1000000
6646,1000000
6647,1000000
6648,1000000
6649,1000000
6650,1000000
6651,1000000
6652,1000000
6653,1000000
6654,1000000
6655,1000000
6656,1000000
6657,1000000
6658,1000000
6659,1000000
6660,1000000
6661,1000000
6662,1000000
6663,1000000
6664,1000000
6665,1000000
6666,1000000
6667,1000000
6668,1000000
6669,1000000
6670,1000000
6671,1000000
6672,1000000
6673,1000000
6674,1000000
6675,1000000
6676,1000000
6677,1000000
6678,1000000
6679,1000000
6680,1000000
6681,1000000
6682,1000000
6683,1000000
6684,1000000
6685,1000000
6686,1000000
6687,1000000
6688,1000000
6689,1000000
6690,1000000
6691,1000000
6692,1000000
6693,1000000
6694,1000000
6695,1000000
6696,1000000
6697,1000000
6698,1000000
6699,1000000
6700,1000000
6701,1000000
6702,1000000
6703,1000000
6704,1000000
6705,1000000
6706,1000000
6707,1000000
6708,1000000
6709,1000000
6710,1000000
6711,1000000
6712,1000000
6713,1000000
6714,1000000
6715,1000000
6716,1000000
6717,1000000
6718,1000000
6719,1000000
6720,1000000
6721,1000000
6722,1000000
6723,1000000
6724,1000000
6725,1000000
6726,1000000
6727,1000000
6728,1000000
6729,1000000
6730,1000000
6731,1000000
6732,1000000
6733,1000000
6734,1000000
6735,1000000
6736,1000000
6737,1000000
6738,1000000
6739,1000000
6740,1000000
6741,1000000
6742,1000000
6743,1000000
6744,1000000
6745,1000000
6746,1000000
6747,1000000
6748,1000000
6749,1000000
6750,1000000
6751,1000000
6752,1000000
6753,1000000
6754,1000000
6755,1000000
6756,1000000
6757,1000000
6758,1000000
6759,1000000
6760,1000000
6761,1000000
6762,1000000
6763,1000000
6764,1000000
6765,1000000
6766,1000000
6767,1000000
6768,1000000
6769,1000000
6770,1000000
6771,1000000
6772,1000000
6773,1000000
6774,1000000
6775,1000000
6776,1000000
6777,1000000
6778,1000000
6779,1000000
6780,1000000
6781,1000000
6782,1000000
6783,1000000
6784,1000000
6785,1000000
6786,1000000
6787,1000000
6788,1000000
6789,1000000
6790,1000000
6791,1000000
6792,1000000
6793,1000000
6794,1000000
6795,1000000
6796,1000000
6797,1000000
6798,1000000
6799,1000000
6800,1000000
6801,1000000
6802,1000000
6803,1000000
6804,1000000
6805,1000000
6806,1000000
6807,1000000
6808,1000000
6809,1000000
6810,1000000
6811,1000000
6812,1000000
6813,1000000
6814,1000000
6815,1000000
6816,1000000
6817,1000000
6818,1000000
6819,1000000
6820,1000000
6821,1000000
6822,1000000
6823,1000000
6824,1000000
6825,1000000
6826,1000000
6827,1000000
6828,1000000
6829,1000000
6830,1000000
6831,1000000
6832,1000000
6833,1000000
6834,1000000
6835,1000000
6836,1000000
6837,1000000
6838,1000000
6839,1000000
6840,1000000
6841,1000000
6842,1000000
6843,1000000
6844,1000000
6845,1000000
6846,1000000
6847,1000000
6848,1000000
6849,1000000
6850,1000000
6851,1000000
6852,1000000
6853,1000000
6854,1000000
6855,1000000
6856,1000000
6857,1000000
6858,1000000
6859,1000000
6860,1000000
6861,1000000
6862,1000000
6863,1000000
6864,1000000
6865,1000000
6866,1000000
6867,1000000
6868,1000000
6869,1000000
6870,1000000
6871,1000000
6872,1000000
6873,1000000
6874,1000000
6875,1000000
6876,1000000
6877,1000000
6878,1000000
6879,1000000
6880,1000000
6881,1000000
6882,1000000
6883,1000000
6884,1000000
6885,1000000
6886,1000000
6887,1000000
6888,1000000
6889,1000000
6890,1000000
6891,1000000
6892,1000000
6893,1000000
6894,1000000
6895,1000000
6896,1000000
6897,1000000
6898,1000000
6899,1000000
6900,1000000
6901,1000000
6902,1000000
6903,1000000
6904,1000000
6905,1000000
6906,1000000
6907,1000000
6908,1000000
6909,1000000
6910,1000000
6911,1000000
6912,1000000
6913,1000000
6914,1000000
6915,1000000
6916,1000000
6917,1000000
6918,1000000
6919,1000000
6920,1000000
6921,1000000
6922,1000000
6923,1000000
6924,1000000
6925,1000000
6926,1000000
6927,1000000
6928,1000000
6929,1000000
6930,1000000
6931,1000000
6932,1000000
6933,1000000
6934,1000000
6935,1000000
6936,1000000
6937,1000000
6938,1000000
6939,1000000
6940,1000000
6941,1000000
6942,1000000
6943,1000000
6944,1000000
6945,1000000
6946,1000000
6947,1000000
6948,1000000
6949,1000000
6950,1000000
6951,1000000
6952,1000000
6953,1000000
6954,1000000
6955,1000000
6956,1000000
6957,1000000
6958,1000000
6959,1000000
6960,1000000
6961,1000000
6962,1000000
6963,1000000
6964,1000000
6965,1000000
6966,1000000
6967,1000000
6968,1000000
6969,1000000
6970,1000000
6971,1000000
6972,1000000
6973,1000000
6974,1000000
6975,1000000
6976,1000000
6977,1000000
6978,1000000
6979,1000000
6980,1000000
6981,1000000
6982,1000000
6983,1000000
6984,1000000
6985,1000000
6986,1000000
6987,1000000
6988,1000000
6989,1000000
6990,1000000
6991,1000000
6992,1000000
6993,1000000
6994,1000000
6995,1000000
6996,1000000
6997,1000000
6998,1000000
6999,1000000
7000,1000000
7001,1000000
7002,1000000
7003,1000000
7004,1000000
7005,1000000
7006,1000000
7007,1000000
7008,1000000
7009,1000000
7010,1000000
7011,1000000
7012,1000000
7013,1000000
7014,1000000
7015,1000000
7016,1000000
7017,1000000
7018,1000000
7019,1000000
7020,1000000
7021,1000000
7022,1000000
7023,1000000
7024,1000000
7025,1000000
7026,1000000
7027,1000000
7028,1000000
7029,1000000
7030,1000000
7031,1000000
7032,1000000
7033,1000000
7034,1000000
7035,1000000
7036,1000000
7037,1000000
7038,1000000
7039,1000000
7040,1000000
7041,1000000
7042,1000000
7043,1000000
7044,1000000
7045,1000000
7046,1000000
7047,1000000
7048,1000000
7049,1000000
7050,1000000
7051,1000000
7052,1000000
7053,1000000
7054,1000000
7055,1000000
7056,1000000
7057,1000000
7058,1000000
7059,1000000
7060,1000000
7061,1000000
7062,1000000
7063,1000000
7064,1000000
7065,1000000
7066,1000000
7067,1000000
7068,1000000
7069,1000000
7070,1000000
7071,1000000
7072,1000000
7073,1000000
7074,1000000
7075,1000000
7076,1000000
7077,1000000
7078,1000000
7079,1000000
7080,1000000
7081,1000000
7082,1000000
7083,1000000
7084,1000000
7085,1000000
7086,1000000
7087,1000000
7088,1000000
7089,1000000
7090,1000000
7091,1000000
7092,1000000
7093,1000000
7094,1000000
7095,1000000
7096,1000000
7097,1000000
7098,1000000
7099,1000000
7100,1000000
7101,1000000
7102,1000000
7103,1000000
7104,1000000
7105,1000000
7106,1000000
7107,1000000
7108,1000000
7109,1000000
7110,1000000
7111,1000000
7112,1000000
7113,1000000
7114,1000000
7115,1000000
7116,1000000
7117,1000000
7118,1000000
7119,1000000
7120,1000000
7121,1000000
7122,1000000
7123,1000000
7124,1000000
7125,1000000
7126,1000000
7127,1000000
7128,1000000
7129,1000000
7130,1000000
7131,1000000
7132,1000000
7133,1000000
7134,1000000
7135,1000000
7136,1000000
7137,1000000
7138,1000000
7139,1000000
7140,1000000
7141,1000000
7142,1000000
7143,1000000
7144,1000000
7145,1000000
7146,1000000
7147,1000000
7148,1000000
7149,1000000
7150,1000000
7151,1000000
7152,1000000
7153,1000000
7154,1000000
7155,1000000
7156,1000000
7157,1000000
7158,1000000
7159,1000000
7160,1000000
7161,1000000
7162,1000000
7163,1000000
7164,1000000
7165,1000000
7166,1000000
7167,1000000
7168,1000000
7169,1000000
7170,1000000
7171,1000000
7172,1000000
7173,1000000
7174,1000000
7175,1000000
7176,1000000
7177,1000000
7178,1000000
7179,1000000
7180,1000000
7181,1000000
7182,1000000
7183,1000000
7184,1000000
7185,1000000
7186,1000000
7187,1000000
7188,1000000
7189,1000000
7190,1000000
7191,1000000
7192,1000000
7193,1000000
7194,1000000
7195,1000000
7196,1000000
7197,1000000
7198,1000000
7199,1000000
7200,1000000
7201,1000000
7202,1000000
7203,1000000
7204,1000000
7205,1000000
7206,1000000
7207,1000000
7208,1000000
7209,1000000
7210,1000000
7211,1000000
7212,1000000
7213,1000000
7214,1000000
7215,1000000
7216,1000000
7217,1000000
7218,1000000
7219,1000000
7220,1000000
7221,1000000
7222,1000000
7223,1000000
7224,1000000
7225,1000000
7226,1000000
7227,1000000
7228,1000000
7229,1000000
7230,1000000
7231,1000000
7232,1000000
7233,1000000
7234,1000000
7235,1000000
7236,1000000
7237,1000000
7238,1000000
7239,1000000
7240,1000000
7241,1000000
7242,1000000
7243,1000000
7244,1000000
7245,1000000
7246,1000000
7247,1000000
7248,1000000
7249,1000000
7250,1000000
7251,1000000
7252,1000000
7253,1000000
7254,1000000
7255,1000000
7256,1000000
7257,1000000
7258,1000000
7259,1000000
7260,1000000
7261,1000000
7262,1000000
7263,1000000
7264,1000000
7265,1000000
7266,1000000
7267,1000000
7268,1000000
7269,1000000
7270,1000000
7271,1000000
7272,1000000
7273,1000000
7274,1000000
7275,1000000
7276,1000000
7277,1000000
7278,1000000
7279,1000000
7280,1000000
7281,1000000
7282,1000000
7283,1000000
7284,1000000
7285,1000000
7286,1000000
7287,1000000
7288,1000000
7289,1000000
7290,1000000
7291,1000000
7292,1000000
7293,1000000
7294,1000000
7295,1000000
7296,1000000
7297,1000000
7298,1000000
7299,1000000
7300,1000000
7301,1000000
7302,1000000
7303,1000000
7304,1000000
7305,1000000
7306,1000000
7307,1000000
7308,1000000
7309,1000000
7310,1000000
7311,1000000
7312,1000000
7313,1000000
7314,1000000
7315,1000000
7316,1000000
7317,1000000
7318,1000000
7319,1000000
7320,1000000
7321,1000000
7322,1000000
7323,1000000
7324,1000000
7325,1000000
7326,1000000
7327,1000000
7328,1000000
7329,1000000
7330,1000000
7331,1000000
7332,1000000
7333,1000000
7334,1000000
7335,1000000
7336,1000000
7337,1000000
7338,1000000
7339,1000000
7340,1000000
7341,1000000
7342,1000000
7343,1000000
7344,1000000
7345,1000000
7346,1000000
7347,1000000
7348,1000000
7349,1000000
7350,1000000
7351,1000000
7352,1000000
7353,1000000
7354,1000000
7355,1000000
7356,1000000
7357,1000000
7358,1000000
7359,1000000
7360,1000000
7361,1000000
7362,1000000
7363,1000000
7364,1000000
7365,1000000
7366,1000000
7367,1000000
7368,1000000
7369,1000000
7370,1000000
7371,1000000
7372,1000000
7373,1000000
7374,1000000
7375,1000000
7376,1000000
7377,1000000
7378,1000000
7379,1000000
7380,1000000
7381,1000000
7382,1000000
7383,1000000
7384,1000000
7385,1000000
7386,1000000
7387,1000000
7388,1000000
7389,1000000
7390,1000000
7391,1000000
7392,1000000
7393,1000000
7394,1000000
7395,1000000
7396,1000000
7397,1000000
7398,1000000
7399,1000000
7400,1000000
7401,1000000
7402,1000000
7403,1000000
7404,1000000
7405,1000000
7406,1000000
7407,1000000
7408,1000000
7409,1000000
7410,1000000
7411,1000000
7412,1000000
7413,1000000
7414,1000000
7415,1000000
7416,1000000
7417,1000000
7418,1000000
7419,1000000
7420,1000000
7421,1000000
7422,1000000
7423,1000000
7424,1000000
7425,1000000
7426,1000000
7427,1000000
7428,1000000
7429,1000000
7430,1000000
7431,1000000
7432,1000000
7433,1000000
7434,1000000
7435,1000000
7436,1000000
7437,1000000
7438,1000000
7439,1000000
7440,1000000
7441,1000000
7442,1000000
7443,1000000
7444,1000000
7445,1000000
7446,1000000
7447,1000000
7448,1000000
7449,1000000
7450,1000000
7451,1000000
7452,1000000
7453,1000000
7454,1000000
7455,1000000
7456,1000000
7457,1000000
7458,1000000
7459,1000000
7460,1000000
7461,1000000
7462,1000000
7463,1000000
7464,1000000
7465,1000000
7466,1000000
7467,1000000
7468,1000000
7469,1000000
7470,1000000
7471,1000000
7472,1000000
7473,1000000
7474,1000000
7475,1000000
7476,1000000
7477,1000000
7478,1000000
7479,1000000
7480,1000000
7481,1000000
7482,1000000
7483,1000000
7484,1000000
7485,1000000
7486,1000000
7487,1000000
7488,1000000
7489,1000000
7490,1000000
7491,1000000
7492,1000000
7493,1000000
7494,1000000
7495,1000000
7496,1000000
7497,1000000
7498,1000000
7499,1000000
7500,1000000
7501,1000000
7502,1000000
7503,1000000
7504,1000000
7505,1000000
7506,1000000
7507,1000000
7508,1000000
7509,1000000
7510,1000000
7511,1000000
7512,1000000
7513,1000000
7514,1000000
7515,1000000
7516,1000000
7517,1000000
7518,1000000
7519,1000000
7520,1000000
7521,1000000
7522,1000000
7523,1000000
7524,1000000
7525,1000000
7526,1000000
7527,1000000
7528,1000000
7529,1000000
7530,1000000
7531,1000000
7532,1000000
7533,1000000
7534,1000000
7535,1000000
7536,1000000
7537,1000000
7538,1000000
7539,1000000
7540,1000000
7541,1000000
7542,1000000
7543,1000000
7544,1000000
7545,1000000
7546,1000000
7547,1000000
7548,1000000
7549,1000000
7550,1000000
7551,1000000
7552,1000000
7553,1000000
7554,1000000
7555,1000000
7556,1000000
7557,1000000
7558,1000000
7559,1000000
7560,1000000
7561,1000000
7562,1000000
7563,1000000
7564,1000000
7565,1000000
7566,1000000
7567,1000000
7568,1000000
7569,1000000
7570,1000000
7571,1000000
7572,1000000
7573,1000000
7574,1000000
7575,1000000
7576,1000000
7577,1000000
7578,1000000
7579,1000000
7580,1000000
7581,1000000
7582,1000000
7583,1000000
7584,1000000
7585,1000000
7586,1000000
7587,1000000
7588,1000000
7589,1000000
7590,1000000
7591,1000000
7592,1000000
7593,1000000
7594,1000000
7595,1000000
7596,1000000
7597,1000000
7598,1000000
7599,1000000
7600,1000000
7601,1000000
7602,1000000
7603,1000000
7604,1000000
7605,1000000
7606,1000000
7607,1000000
7608,1000000
7609,1000000
7610,1000000
7611,1000000
7612,1000000
7613,1000000
7614,1000000
7615,1000000
7616,1000000
7617,1000000
7618,1000000
7619,1000000
7620,1000000
7621,1000000
7622,1000000
7623,1000000
7624,1000000
7625,1000000
7626,1000000
7627,1000000
7628,1000000
7629,1000000
7630,1000000
7631,1000000
7632,1000000
7633,1000000
7634,1000000
7635,1000000
7636,1000000
7637,1000000
7638,1000000
7639,1000000
7640,1000000
7641,1000000
7642,1000000
7643,1000000
7644,1000000
7645,1000000
7646,1000000
7647,1000000
7648,1000000
7649,1000000
7650,1000000
7651,1000000
7652,1000000
7653,1000000
7654,1000000
7655,1000000
7656,1000000
7657,1000000
7658,1000000
7659,1000000
7660,1000000
7661,1000000
7662,1000000
7663,1000000
7664,1000000
7665,1000000
7666,1000000
7667,1000000
7668,1000000
7669,1000000
7670,1000000
7671,1000000
7672,1000000
7673,1000000
7674,1000000
7675,1000000
7676,1000000
7677,1000000
7678,1000000
7679,1000000
7680,1000000
7681,1000000
7682,1000000
7683,1000000
7684,1000000
7685,1000000
7686,1000000
7687,1000000
7688,1000000
7689,1000000
7690,1000000
7691,1000000
7692,1000000
7693,1000000
7694,1000000
7695,1000000
7696,1000000
7697,1000000
7698,1000000
7699,1000000
7700,1000000
7701,1000000
7702,1000000
7703,1000000
7704,1000000
7705,1000000
7706,1000000
7707,1000000
7708,1000000
7709,1000000
7710,1000000
7711,1000000
7712,1000000
7713,1000000
7714,1000000
7715,1000000
7716,1000000
7717,1000000
7718,1000000
7719,1000000
7720,1000000
7721,1000000
7722,1000000
7723,1000000
7724,1000000
7725,1000000
7726,1000000
7727,1000000
7728,1000000
7729,1000000
7730,1000000
7731,1000000
7732,1000000
7733,1000000
7734,1000000
7735,1000000
7736,1000000
7737,1000000
7738,1000000
7739,1000000
7740,1000000
7741,1000000
7742,1000000
7743,1000000
7744,1000000
7745,1000000
7746,1000000
7747,1000000
7748,1000000
7749,1000000
7750,1000000
7751,1000000
7752,1000000
7753,1000000
7754,1000000
7755,1000000
7756,1000000
7757,1000000
7758,1000000
7759,1000000
7760,1000000
7761,1000000
7762,1000000
7763,1000000
7764,1000000
7765,1000000
7766,1000000
7767,1000000
7768,1000000
7769,1000000
7770,1000000
7771,1000000
7772,1000000
7773,1000000
7774,1000000
7775,1000000
7776,1000000
7777,1000000
7778,1000000
7779,1000000
7780,1000000
7781,1000000
7782,1000000
7783,1000000
7784,1000000
7785,1000000
7786,1000000
7787,1000000
7788,1000000
7789,1000000
7790,1000000
7791,1000000
7792,1000000
7793,1000000
7794,1000000
7795,1000000
7796,1000000
7797,1000000
7798,1000000
7799,1000000
7800,1000000
7801,1000000
7802,1000000
7803,1000000
7804,1000000
7805,1000000
7806,1000000
7807,1000000
7808,1000000
7809,1000000
7810,1000000
7811,1000000
7812,1000000
7813,1000000
7814,1000000
7815,1000000
7816,1000000
7817,1000000
7818,1000000
7819,1000000
7820,1000000
7821,1000000
7822,1000000
7823,1000000
7824,1000000
7825,1000000
7826,1000000
7827,1000000
7828,1000000
7829,1000000
7830,1000000
7831,1000000
7832,1000000
7833,1000000
7834,1000000
7835,1000000
7836,1000000
7837,1000000
7838,1000000
7839,1000000
7840,1000000
7841,1000000
7842,1000000
7843,1000000
7844,1000000
7845,1000000
7846,1000000
7847,1000000
7848,1000000
7849,1000000
7850,1000000
7851,1000000
7852,1000000
7853,1000000
7854,1000000
7855,1000000
7856,1000000
7857,1000000
7858,1000000
7859,1000000
7860,1000000
7861,1000000
7862,1000000
7863,1000000
7864,1000000
7865,1000000
7866,1000000
7867,1000000
7868,1000000
7869,1000000
7870,1000000
7871,1000000
7872,1000000
7873,1000000
7874,1000000
7875,1000000
7876,1000000
7877,1000000
7878,1000000
7879,1000000
7880,1000000
7881,1000000
7882,1000000
7883,1000000
7884,1000000
7885,1000000
7886,1000000
7887,1000000
7888,1000000
7889,1000000
7890,1000000
7891,1000000
7892,1000000
7893,1000000
7894,1000000
7895,1000000
7896,1000000
7897,1000000
7898,1000000
7899,1000000
7900,1000000
7901,1000000
7902,1000000
7903,1000000
7904,1000000
7905,1000000
7906,1000000
7907,1000000
7908,1000000
7909,1000000
7910,1000000
7911,1000000
7912,1000000
7913,1000000
7914,1000000
7915,1000000
7916,1000000
7917,1000000
7918,1000000
7919,1000000
7920,1000000
7921,1000000
7922,1000000
7923,1000000
7924,1000000
7925,1000000
7926,1000000
7927,1000000
7928,1000000
7929,1000000
7930,1000000
7931,1000000
7932,1000000
7933,1000000
7934,1000000
7935,1000000
7936,1000000
7937,1000000
7938,1000000
7939,1000000
7940,1000000
7941,1000000
7942,1000000
7943,1000000
7944,1000000
7945,1000000
7946,1000000
7947,1000000
7948,1000000
7949,1000000
7950,1000000
7951,1000000
7952,1000000
7953,1000000
7954,1000000
7955,1000000
7956,1000000
7957,1000000
7958,1000000
7959,1000000
7960,1000000
7961,1000000
7962,1000000
7963,1000000
7964,1000000
7965,1000000
7966,1000000
7967,1000000
7968,1000000
7969,1000000
7970,1000000
7971,1000000
7972,1000000
7973,1000000
7974,1000000
7975,1000000
7976,1000000
7977,1000000
7978,1000000
7979,1000000
7980,1000000
7981,1000000
7982,1000000
7983,1000000
7984,1000000
7985,1000000
7986,1000000
7987,1000000
7988,1000000
7989,1000000
7990,1000000
7991,1000000
7992,1000000
7993,1000000
7994,1000000
7995,1000000
7996,1000000
7997,1000000
7998,1000000
7999,1000000
8000,1000000
8001,1000000
8002,1000000
8003,1000000
8004,1000000
8005,1000000
8006,1000000
8007,1000000
8008,1000000
8009,1000000
8010,1000000
8011,1000000
8012,1000000
8013,1000000
8014,1000000
8015,1000000
8016,1000000
8017,1000000
8018,1000000
8019,1000000
8020,1000000
8021,1000000
8022,1000000
8023,1000000
8024,1000000
8025,1000000
8026,1000000
8027,1000000
8028,1000000
8029,1000000
8030,1000000
8031,1000000
8032,1000000
8033,1000000
8034,1000000
8035,1000000
8036,1000000
8037,1000000
8038,1000000
8039,1000000
8040,1000000
8041,1000000
8042,1000000
8043,1000000
8044,1000000
8045,1000000
8046,1000000
8047,1000000
8048,1000000
8049,1000000
8050,1000000
8051,1000000
8052,1000000
8053,1000000
8054,1000000
8055,1000000
8056,1000000
8057,1000000
8058,1000000
8059,1000000
8060,1000000
8061,1000000
8062,1000000
8063,1000000
8064,1000000
8065,1000000
8066,1000000
8067,1000000
8068,1000000
8069,1000000
8070,1000000
8071,1000000
8072,1000000
8073,1000000
8074,1000000
8075,1000000
8076,1000000
8077,1000000
8078,1000000
8079,1000000
8080,1000000
8081,1000000
8082,1000000
8083,1000000
8084,1000000
8085,1000000
8086,1000000
8087,1000000
8088,1000000
8089,1000000
8090,1000000
8091,1000000
8092,1000000
8093,1000000
8094,1000000
8095,1000000
8096,1000000
8097,1000000
8098,1000000
8099,1000000
8100,1000000
8101,1000000
8102,1000000
8103,1000000
8104,1000000
8105,1000000
8106,1000000
8107,1000000
8108,1000000
8109,1000000
8110,1000000
8111,1000000
8112,1000000
8113,1000000
8114,1000000
8115,1000000
8116,1000000
8117,1000000
8118,1000000
8119,1000000
8120,1000000
8121,1000000
8122,1000000
8123,1000000
8124,1000000
8125,1000000
8126,1000000
8127,1000000
8128,1000000
8129,1000000
8130,1000000
8131,1000000
8132,1000000
8133,1000000
8134,1000000
8135,1000000
8136,1000000
8137,1000000
8138,1000000
8139,1000000
8140,1000000
8141,1000000
8142,1000000
8143,1000000
8144,1000000
8145,1000000
8146,1000000
8147,1000000
8148,1000000
8149,1000000
8150,1000000
8151,1000000
8152,1000000
8153,1000000
8154,1000000
8155,1000000
8156,1000000
8157,1000000
8158,1000000
8159,1000000
8160,1000000
8161,1000000
8162,1000000
8163,1000000
8164,1000000
8165,1000000
8166,1000000
8167,1000000
8168,1000000
8169,1000000
8170,1000000
8171,1000000
8172,1000000
8173,1000000
8174,1000000
8175,1000000
8176,1000000
8177,1000000
8178,1000000
8179,1000000
8180,1000000
8181,1000000
8182,1000000
8183,1000000
8184,1000000
8185,1000000
8186,1000000
8187,1000000
8188,1000000
8189,1000000
8190,1000000
8191,1000000
8192,1000000
8193,1000000
8194,1000000
8195,1000000
8196,1000000
8197,1000000
8198,1000000
8199,1000000
8200,1000000
8201,1000000
8202,1000000
8203,1000000
8204,1000000
8205,1000000
8206,1000000
8207,1000000
8208,1000000
8209,1000000
8210,1000000
8211,1000000
8212,1000000
8213,1000000
8214,1000000
8215,1000000
8216,1000000
8217,1000000
8218,1000000
8219,1000000
8220,1000000
8221,1000000
8222,1000000
8223,1000000
8224,1000000
8225,1000000
8226,1000000
8227,1000000
8228,1000000
8229,1000000
8230,1000000
8231,1000000
8232,1000000
8233,1000000
8234,1000000
8235,1000000
8236,1000000
8237,1000000
8238,1000000
8239,1000000
8240,1000000
8241,1000000
8242,1000000
8243,1000000
8244,1000000
8245,1000000
8246,1000000
8247,1000000
8248,1000000
8249,1000000
8250,1000000
8251,1000000
8252,1000000
8253,1000000
8254,1000000
8255,1000000
8256,1000000
8257,1000000
8258,1000000
8259,1000000
8260,1000000
8261,1000000
8262,1000000
8263,1000000
8264,1000000
8265,1000000
8266,1000000
8267,1000000
8268,1000000
8269,1000000
8270,1000000
8271,1000000
8272,1000000
8273,1000000
8274,1000000
8275,1000000
8276,1000000
8277,1000000
8278,1000000
8279,1000000
8280,1000000
8281,1000000
8282,1000000
8283,1000000
8284,1000000
8285,1000000
8286,1000000
8287,1000000
8288,1000000
8289,1000000
8290,1000000
8291,1000000
8292,1000000
8293,1000000
8294,1000000
8295,1000000
8296,1000000
8297,1000000
8298,1000000
8299,1000000
8300,1000000
8301,1000000
8302,1000000
8303,1000000
8304,1000000
8305,1000000
8306,1000000
8307,1000000
8308,1000000
8309,1000000
8310,1000000
8311,1000000
8312,1000000
8313,1000000
8314,1000000
8315,1000000
8316,1000000
8317,1000000
8318,1000000
8319,1000000
8320,1000000
8321,1000000
8322,1000000
8323,1000000
8324,1000000
8325,1000000
8326,1000000
8327,1000000
8328,1000000
8329,1000000
8330,1000000
8331,1000000
8332,1000000
8333,1000000
8334,1000000
8335,1000000
8336,1000000
8337,1000000
8338,1000000
8339,1000000
8340,1000000
8341,1000000
8342,1000000
8343,1000000
8344,1000000
8345,1000000
8346,1000000
8347,1000000
8348,1000000
8349,1000000
8350,1000000
8351,1000000
8352,1000000
8353,1000000
8354,1000000
8355,1000000
8356,1000000
8357,1000000
8358,1000000
8359,1000000
8360,1000000
8361,1000000
8362,1000000
8363,1000000
8364,1000000
8365,1000000
8366,1000000
8367,1000000
8368,1000000
8369,1000000
8370,1000000
8371,1000000
8372,1000000
8373,1000000
8374,1000000
8375,1000000
8376,1000000
8377,1000000
8378,1000000
8379,1000000
8380,1000000
8381,1000000
8382,1000000
8383,1000000
8384,1000000
8385,1000000
8386,1000000
8387,1000000
8388,1000000
8389,1000000
8390,1000000
8391,1000000
8392,1000000
8393,1000000
8394,1000000
8395,1000000
8396,1000000
8397,1000000
8398,1000000
8399,1000000
8400,1000000
8401,1000000
8402,1000000
8403,1000000
8404,1000000
8405,1000000
8406,1000000
8407,1000000
8408,1000000
8409,1000000
8410,1000000
8411,1000000
8412,1000000
8413,1000000
8414,1000000
8415,1000000
8416,1000000
8417,1000000
8418,1000000
8419,1000000
8420,1000000
8421,1000000
8422,1000000
8423,1000000
8424,1000000
8425,1000000
8426,1000000
8427,1000000
8428,1000000
8429,1000000
8430,1000000
8431,1000000
8432,1000000
8433,1000000
8434,1000000
8435,1000000
8436,1000000
8437,1000000
8438,1000000
8439,1000000
8440,1000000
8441,1000000
8442,1000000
8443,1000000
8444,1000000
8445,1000000
8446,1000000
8447,1000000
8448,1000000
8449,1000000
8450,1000000
8451,1000000
8452,1000000
8453,1000000
8454,1000000
8455,1000000
8456,1000000
8457,1000000
8458,1000000
8459,1000000
8460,1000000
8461,1000000
8462,1000000
8463,1000000
8464,1000000
8465,1000000
8466,1000000
8467,1000000
8468,1000000
8469,1000000
8470,1000000
8471,1000000
8472,1000000
8473,1000000
8474,1000000
8475,1000000
8476,1000000
8477,1000000
8478,1000000
8479,1000000
8480,1000000
8481,1000000
8482,1000000
8483,1000000
8484,1000000
8485,1000000
8486,1000000
8487,1000000
8488,1000000
8489,1000000
8490,1000000
8491,1000000
8492,1000000
8493,1000000
8494,1000000
8495,1000000
8496,1000000
8497,1000000
8498,1000000
8499,1000000
8500,1000000
8501,1000000
8502,1000000
8503,1000000
8504,1000000
8505,1000000
8506,1000000
8507,1000000
8508,1000000
8509,1000000
8510,1000000
8511,1000000
8512,1000000
8513,1000000
8514,1000000
8515,1000000
8516,1000000
8517,1000000
8518,1000000
8519,1000000
8520,1000000
8521,1000000
8522,1000000
8523,1000000
8524,1000000
8525,1000000
8526,1000000
8527,1000000
8528,1000000
8529,1000000
8530,1000000
8531,1000000
8532,1000000
8533,1000000
8534,1000000
8535,1000000
8536,1000000
8537,1000000
8538,1000000
8539,1000000
8540,1000000
8541,1000000
8542,1000000
8543,1000000
8544,1000000
8545,1000000
8546,1000000
8547,1000000
8548,1000000
8549,1000000
8550,1000000
8551,1000000
8552,1000000
8553,1000000
8554,1000000
8555,1000000
8556,1000000
8557,1000000
8558,1000000
8559,1000000
8560,1000000
8561,1000000
8562,1000000
8563,1000000
8564,1000000
8565,1000000
8566,1000000
8567,1000000
8568,1000000
8569,1000000
8570,1000000
8571,1000000
8572,1000000
8573,1000000
8574,1000000
8575,1000000
8576,1000000
8577,1000000
8578,1000000
8579,1000000
8580,1000000
8581,1000000
8582,1000000
8583,1000000
8584,1000000
8585,1000000
8586,1000000
8587,1000000
8588,1000000
8589,1000000
8590,1000000
8591,1000000
8592,1000000
8593,1000000
8594,1000000
8595,1000000
8596,1000000
8597,1000000
8598,1000000
8599,1000000
8600,1000000
8601,1000000
8602,1000000
8603,1000000
8604,1000000
8605,1000000
8606,1000000
8607,1000000
8608,1000000
8609,1000000
8610,1000000
8611,1000000
8612,1000000
8613,1000000
8614,1000000
8615,1000000
8616,1000000
8617,1000000
8618,1000000
8619,1000000
8620,1000000
8621,1000000
8622,1000000
8623,1000000
8624,1000000
8625,1000000
8626,1000000
8627,1000000
8628,1000000
8629,1000000
8630,1000000
8631,1000000
8632,1000000
8633,1000000
8634,1000000
8635,1000000
8636,1000000
8637,1000000
8638,1000000
8639,1000000
8640,1000000
8641,1000000
8642,1000000
8643,1000000
8644,1000000
8645,1000000
8646,1000000
8647,1000000
8648,1000000
8649,1000000
8650,1000000
8651,1000000
8652,1000000
8653,1000000
8654,1000000
8655,1000000
8656,1000000
8657,1000000
8658,1000000
8659,1000000
8660,1000000
8661,1000000
8662,1000000
8663,1000000
8664,1000000
8665,1000000
8666,1000000
8667,1000000
8668,1000000
8669,1000000
8670,1000000
8671,1000000
8672,1000000
8673,1000000
8674,1000000
8675,1000000
8676,1000000
8677,1000000
8678,1000000
8679,1000000
8680,1000000
8681,1000000
8682,1000000
8683,1000000
8684,1000000
8685,1000000
8686,1000000
8687,1000000
8688,1000000
8689,1000000
8690,1000000
8691,1000000
8692,1000000
8693,1000000
8694,1000000
8695,1000000
8696,1000000
8697,1000000
8698,1000000
8699,1000000
8700,1000000
8701,1000000
8702,1000000
8703,1000000
8704,1000000
8705,1000000
8706,1000000
8707,1000000
8708,1000000
8709,1000000
8710,1000000
8711,1000000
8712,1000000
8713,1000000
8714,1000000
8715,1000000
8716,1000000
8717,1000000
8718,1000000
8719,1000000
8720,1000000
8721,1000000
8722,1000000
8723,1000000
8724,1000000
8725,1000000
8726,1000000
8727,1000000
8728,1000000
8729,1000000
8730,1000000
8731,1000000
8732,1000000
8733,1000000
8734,1000000
8735,1000000
8736,1000000
8737,1000000
8738,1000000
8739,1000000
8740,1000000
8741,1000000
8742,1000000
8743,1000000
8744,1000000
8745,1000000
8746,1000000
8747,1000000
8748,1000000
8749,1000000
8750,1000000
8751,1000000
8752,1000000
8753,1000000
8754,1000000
8755,1000000
8756,1000000
8757,1000000
8758,1000000
8759,1000000
8760,1000000
8761,1000000
8762,1000000
8763,1000000
8764,1000000
8765,1000000
8766,1000000
8767,1000000
8768,1000000
8769,1000000
8770,1000000
8771,1000000
8772,1000000
8773,1000000
8774,1000000
8775,1000000
8776,1000000
8777,1000000
8778,1000000
8779,1000000
8780,1000000
8781,1000000
8782,1000000
8783,1000000
8784,1000000
8785,1000000
8786,1000000
8787,1000000
8788,1000000
8789,1000000
8790,1000000
8791,1000000
8792,1000000
8793,1000000
8794,1000000
8795,1000000
8796,1000000
8797,1000000
8798,1000000
8799,1000000
8800,1000000
8801,1000000
8802,1000000
8803,1000000
8804,1000000
8805,1000000
8806,1000000
8807,1000000
8808,1000000
8809,1000000
8810,1000000
8811,1000000
8812,1000000
8813,1000000
8814,1000000
8815,1000000
8816,1000000
8817,1000000
8818,1000000
8819,1000000
8820,1000000
8821,1000000
8822,1000000
8823,1000000
8824,1000000
8825,1000000
8826,1000000
8827,1000000
8828,1000000
8829,1000000
8830,1000000
8831,1000000
8832,1000000
8833,1000000
8834,1000000
8835,1000000
8836,1000000
8837,1000000
8838,1000000
8839,1000000
8840,1000000
8841,1000000
8842,1000000
8843,1000000
8844,1000000
8845,1000000
8846,1000000
8847,1000000
8848,1000000
8849,1000000
8850,1000000
8851,1000000
8852,1000000
8853,1000000
8854,1000000
8855,1000000
8856,1000000
8857,1000000
8858,1000000
8859,1000000
8860,1000000
8861,1000000
8862,1000000
8863,1000000
8864,1000000
8865,1000000
8866,1000000
8867,1000000
8868,1000000
8869,1000000
8870,1000000
8871,1000000
8872,1000000
8873,1000000
8874,1000000
8875,1000000
8876,1000000
8877,1000000
8878,1000000
8879,1000000
8880,1000000
